Date,PatronName
"Jul 17, 2026",*⭐
"Jun 18, 2026",*浩
"Jun 1, 2026",**方
"May 31, 2026",子林
"May 15, 2026",帐篷
"May 13, 2026",**序
"May 8, 2026",**博
"May 2, 2026",loikuan
"Apr 18, 2026",<Anon/匿名>
"Apr 10, 2026",<Anon/匿名>
"Apr 8, 2026",**84e82
"Mar 28, 2026",**东
"Mar 28, 2026",**卓
"Mar 23, 2026",Leon
"Mar 16, 2026",<Anon/匿名>
"Mar 4, 2026",你的秋乔呐
"Mar 3, 2026",Aureliano
"Feb 27, 2026",Andrews Consulting
"Feb 20, 2026",Asane779
"Feb 18, 2026",haitang000
"Feb 17, 2026",AlexZhao
"Feb 16, 2026",**昊
"Feb 13, 2026",**鹏
"Jan 31, 2026",wu
"Jan 29, 2026",咯他ii
"Jan 29, 2026",**林
"Jan 29, 2026",**棋
"Jan 29, 2026",**都
"Jan 29, 2026",**成
"Jan 19, 2026",**杭
"Jan 8, 2026",Eureka-K_K
"Jan 3, 2026",**轩
"Dec 13, 2025",<Anon/匿名>
"Dec 3, 2025",YE
"Dec 2, 2025",<Anon/匿名>
"Nov 23, 2025",**玄
"Nov 21, 2025",**智
"Nov 17, 2025",SuHeAndZl
"Nov 2, 2025",借过
"Aug 28, 2025",**华
