Header,AvatarSource,Badges,Description
jayfunc,https://github.com/jayfunc.png,💻🌐🧪📝,https://github.com/jayfunc
Raspberry-Monster,https://github.com/Raspberry-Monster.png,💻,https://github.com/Raspberry-Monster
zxbmmmmmmmmm,https://github.com/zxbmmmmmmmmm.png,💻,https://github.com/zxbmmmmmmmmm
ZHider,https://github.com/ZHider.png,💻,https://github.com/ZHider
YUZU384,https://github.com/YUZU384.png,💻,https://github.com/YUZU384
kusutori,https://github.com/kusutori.png,💻,https://github.com/kusutori
PiYuanZhouLv,https://github.com/PiYuanZhouLv.png,💻,https://github.com/PiYuanZhouLv
SuHeAndZl,https://crowdin-static.cf-downloads.crowdin.com/avatar/17495984/large/8ccabd161147e3f072cf116491cacbbd.png,🌐🧪📝,https://crowdin.com/profile/SuHeAndZl
borcolasky,https://crowdin-static.cf-downloads.crowdin.com/avatar/17490908/large/2b2818952b68061b46051cc1c3cbe7fe_default.png,🌐,https://crowdin.com/profile/borcolasky
